千二百五十人,twelve hundred and fifty people
一千二百五十,1250
跋陀羅耶尼,Bhadrayāniyāh
迦蘭陀竹園,Kalandaka-nivāsa
摩訶僧祇部,Mahāsāṃghika
頻婆娑羅王,King Bimbisāra
婆收婁多柯,Bahuśrutīya
千二百五十,one thousand two hundred and fifty
舍利弗問經,Sutra on the Inquiry of Śāriputra
八部鬼神,eight kinds of spiritual beings
八萬四千,eighty-four thousand
鞞婆訶羅,Ekavyāvahārika
不非時食,abstention from eating at inappropriate times
不可稱量,immeasurable
不能分別,cannot discriminate
從座而起,to arise from oneʼs seat
大目犍連,Mahāmaudgalyāyana
提婆達多,Devadatta
二百五十,two-hundred fifty
發菩提心,to arouse the mind (thought) of intention to achieve enlightenment
弗沙蜜多,Puṣyamitra
供養三寶,make offerings to the three treasures
過去世時,in a past life
迦留陀夷,Kālôdayin
迦葉維部,Kāśyapīya school
皆大歡喜,all were overjoyed
彌勒菩薩,Maitreya Bodhisattva
彌勒下生,descent of Maitreya
彌沙塞部,Mahīśāsaka school
摩訶迦葉,Mahākāśyapa
摩訶僧祇,Mahāsāṃghika
摩訶提婆,Mahādeva
摩睺羅伽,mahoraga
偏袒右肩,to bare the right shoulder and turn it toward (the Buddha)
頻婆娑羅,Bimbisāra
貧窮下賤,poor and humble because of greed
婆羅門家,the house of a Brāhmaṇa
七日七夜,seven days and seven nights
入滅盡定,entering into the concentration of total extinction [of mental activity]
如是我聞,thus have I heard
薩婆多部,Sarvâstivāda
沙那利迦,Ṣaṇṇagarika
善哉善哉,excellent
生歡喜心,to become happy
式叉摩尼,śikṣamāṇā
是義云何,what does this mean?
檀波羅蜜,perfection of giving
文殊師利,Mañjuśrī
五百羅漢,five hundred arhats
無有休息,without respite
無諍三昧,no-strife concentration
邪見稠林,thickets of non-Buddhists
行菩薩道,following the path of the bodhisattva
亦復如是,...is the same as this
以何因緣,by what causes and conditions...?
一千二百,1200
優波笈多,Upagupta
優婆提舍,(Skt. upadeśa)
云何得知,how can (it) be known?
長老比丘,elder bhikṣu
智慧第一,greatest in wisdom
種種供養,various and sundry offerings
諸行無常,all things are in a state of incessant change
阿羅漢,arhat
阿那律,Aniruddha
阿難陀,Ānanda
阿修羅,asura
白佛言,...addressed the Buddha  saying...
巴連弗,Pāṭaliputra
跋難陀,Upananda
跋陀羅,(Skt. bhadra)
八萬四,eighty-four thousand
被袈裟,to don monastic robes
賓頭盧,Piṇḍola
比丘名,monkʼs name
比丘尼,bhikṣuṇī
比丘行,bhikṣuʼs practice
波羅蜜,pāramitā
不得不,to have no choice but to
不可稱,indescribable
不能得,cannot attain
不受食,forbidden food
不忘禪,meditation of not forgetting
不應食,should not eat
不與取,taking that which has not been given
出家者,renunciant monk
出生死,to escape cyclic existence
出世道,supramundane paths
大比丘,great bhikṣu
大歡喜,great joy
大迦葉,Mahākāśyapa
得出家,to succeed in renouncing the world
得除愈,to get rid of a disease and heal it
燈明佛,Candrârkadīpa
兜率天,Tuṣita Heaven
墮惡趣,falls into negative rebirths
墮負處,loss of an argument
犢子部,Vātsīputrīya
二種業,two kinds of activities
發菩提,arouse the mind determined for enlightenment
非時食,eating at the inappropriate time
佛弟子,disciple(s) of the Buddha
佛法僧,the buddha  the Dharma  and the saṃgha
佛神力,Buddhaʼs supernormal power(s)
佛所說,Buddhaʼs teachings
佛在世,a buddha in this word
父母恩,compassion of fathers and mothers
父母生,born from a mother and father
乾闥婆,gandharva
共分別,discrimination held in common
過去世,past time
何以故,why is it so?
何因緣,what causes and conditions?
歡喜心,cheerful
或有時,there are times when...
迦蘭陀,kalandaka
迦婁羅,garuḍa
見稠林,thicket of views
見道斷,eliminated in the path of seeing
迦葉維,Kāśyapīya
淨無垢,pure
緊那羅,kiṃnara
金毘羅,Kimbila
拘拘羅,kukkuṭa
可稱量,measurable
可言說,expressible
良福田,field of blessings
力所持,supported by (the) power (of)
羅漢道,the path of the arhat
羅睺羅,Rāhula
羅閱祇,Rājagṛha
滅盡定,concentration of total cessation
彌沙塞,Mahīśāsaka school
末多利,Uttaraśaila
摩睺羅,muhūrta
末田地,Madhyântika
目犍連,Maudgalyāyana
那利迦,Nādika
能分別,To discriminate
破戒人,a person who violates the precepts
婆利師,rainy season of retreat
婆羅門,brāhman
菩薩道,bodhisattva path
菩提心,enlightened mind
千二百,1200
其眷屬,oneʼs dependents
人非人,human-yet-not-human
熱鐵丸,red-hot iron-ball
入惡道,enter an evil path
如來說,tathāgata teaches
如來所,where the Tathāgata is
入滅盡,attaining total cessation of mental activity
如是比,in the same way
三惡道,three evil destinies
薩婆多,Sarvâstivāda
僧祇部,Mahāsāṃghika
僧伽藍,(Skt. saṃghârāma)
沙彌尼,śrāmaṇerī
沙摩帝,Saṃmitīya
舍利弗,Śāriputra
生餓鬼,born as a hungry ghost
生歡喜,experiences bliss
甚可悲,extremely pitiable
神通力,supernormal faculties
舍衛國,Śrāvastī
時非時,timely and non-timely
失正念,lose correct mindfulness
世尊說,the World Honored One says...
受戒者,one who has received the precepts
受具戒,full ordination
數數食,to eat repeatedly
娑羅王,Sālêndra-rāja
天帝釋,Śakra Devānām-Indra
提婆達,Devadatta
未來世,future
微妙法,marvelous dharma
未通達,has not fully comprehended
聞正法,hears the correct teaching
無量世,innumerable worlds
無上道,the supreme way
無威德,lacking authoritative presence
邪見網,net of wrong views
行不行,active and inactive
行非法,to act contrary to the Dharma
行無常,impermanence of conditioned phenomena
因緣生,generated from causes and conditions
一切空,all empty
有比丘,there are bhikṣus
優波離,Upāli
優婆塞,(Skt. upāsaka)
優婆夷,upāsikā
愚癡人,a fool
云何名,what do we call...
云何作,how should (we) do (it)?
在家者,a lay-person
丈夫相,mark of personage
長者子,son of a wealthy householder
遮道法,obstructive state
質多羅,Citrā
智慧人,intelligent person
至於此,to arrive to this
種種物,various things
諸比丘,bhikṣus
諸弟子,disciples
作光明,to produce illumination
作如是,to do like this
作沙門,becoming a monk
阿羅,ara
阿那,āna
阿難,Ānanda
懊惱,distress
八百,eight hundred
八部,eight kinds of beings
白佛,to address the buddha
百羅,all kinds of disasters
百年,a hundred years
百千,one hundred thousand
百萬,a million
百餘,more than a hundred
報生,[produced due to] retribution
寶事,Ratnâkara
八日,the 8th  18th  and 28th days of every month
拔舌,pulling out the tongue
跋提,*Bhadrika
跋陀,(Skt. bhadra)
八萬,eighty thousand
本居,original abode
本有,originally existent
本源,source
別有,to exist separately
閉門,to close the gate
病人,sick person
賓頭,(Skt. Piṇḍāra)
比丘,(Skt. bhikṣu)
彼時,that time
波離,Upāli
波羅,fool
薄俗,shallow and mundane
不報,no retribution
不必,unnecessary
不得,impossible
不爾,not so; (or  at the end of a sentence:) is it not so?
不敢,dare not
不盡,unperishing
不淨,impure
不救,does not save
不久,not long
不可,cannot
不肯,does not assent
不滅,inextinguishable
不能,incapable
不取,does not grasp
不如,not like
布施,giving
不失,does not lose
不受,not appropriating
不隨,does not follow
不聽,does not listen
不同,not the same
不忘,not forgetting
不邪,non-debauchery
不信,non-faith
部行,to practice in a group
不行,not practicing
不異,not different
不依,not relying
不應,not associated with
不與,not given
不雜,not mixed
不在,does not exist...
殘害,killing
慚羞,shame
草木,grass and trees
草葉,grasses and leaves
常施,always bestowing
長水,Changshui
常有,always existing
懺悔,repentance
諂誑,flattery
禪思,contemplation
闡陀,Chandaka
成立,to consist of
稱量,to weigh
瞋恚,aversion
沈沒,to sink
癡人,a fool
赤衣,red robes
稠林,dense forest
處處,here and there
出家,to renounce the secular life
畜生,rebirth as an animal
出生,to take birth
出世,to appear in the world
初無,originally nonexistent
除愈,to be healed
慈悲,compassion
次第,order
此時,at that time
此土,this land
次至,next :   one arrives to
從僧,a half-monk
從上,the upper part
從師,to follow the teacher
從座,from oneʼs set
村落,villages
達多,Devadatta
大海,ocean
大劫,a great eon
大林,great forest
當得,imminent
當名,should be named
噉食,to devour
道法,methods of the correct path
倒見,distorted views
道徑,path
導利,to guide and benefit
導師,a guide
道者,practitioner of the Way
大人,great man
大山,great mountain(s)
大捨,great offering
大王,great king(s)
答曰,answer
達者,adept
大智,great cognition
德本,roots of virtue
得不,obtainable or not
得出,escapes
得佛,achieve enlightenment
得果,attained fruit
得見,to be able to see
得戒,to obtain the precepts
燈明,brightness of a burning lamp
等願,vows in common
得食,getting food
得說,can be said
得已,having been attained
得以,can
得一,to attain unity
得知,knowable; apprehensible; cognizable
定力,power of meditation
地神,Pṛthivī
帝釋,Indra
諦聽,to listen carefully
第五,the fifth
地下,under the ground
第一,best
地獄,hell
弟子,student
東晉,Eastern Jin dynasty
兜率,(Skt. Tuṣita)
鬪訟,disputes and quarrels
斷集,to eliminate the cause(s)
斷絕,to sever
端嚴,beautiful
都盡,completely exhausted
多部,Sarvâstivāda
多瞋,much aversion
墮惡,falls into evil
墮負,to be defeated
多羅,a palm [leaf / tree]
多人,a multitude of people
多有,abundant
讀誦,oral reading of the scriptures
犢子,Vātsīputra
惡道,evil destiny
惡法,evil/negative factors
餓鬼,hungry ghost
惡賤,to hate and despise
惡魔,demon(s)
惡趣,evil destinies
二部,two divisions
二十,twenty
二事,two matters; two events
爾時,at that time
二言,duplicitous speech
二種,two kinds
法化,Dharma transformation
法教,Buddhist teaching(s)
法利,benefits of the Dharma
法門,teaching
放逸,negligence
凡人,ordinary person
飯食,food
梵志,brāhmaṇa
反之,on the contrary
犯罪,commit crimes
法僧,ritual-enacting monk
法身,Dharma body
法王,king of the Dharma
發心,arousal of mind
法行,practice according to reality
法眼,dharma-eye
發言,to utter
發揚,make known
法要,summary of the Dharma
法中,amidst phenomena
非法,non-dharma
非人,non-humans
非時,improper time
非我,denial of self-nature
非先,not prior
非行,not carried out
分別,discrimination
奉持,to bear in mind (or memory) with all respect
糞穢,excrement
忿怒,angry
分散,to scatter
分衛,food given as alms
佛道,buddha-way
佛典,a Buddhist scripture
佛法,Buddha-dharma
佛神,the god Buddha
佛說,Buddhaʼs sermon
佛所,buddha-places
佛像,an image of the Buddha
佛言,the Buddha said
佛住,a buddha-abode
負處,to defeat in debate
父母,father and mother
復起,restart
弗沙,Puṣya
復生,renewed appearance
福田,field of merit
覆頭,with the face covered
父王,oneʼs father who is a king
復有,there is also
甘露,nectar
乾闥,(Skt. gandharva)
高心,conceit
高足,superior disciples
更互,one another
更生,rebirth
歌舞,song and dance
功德,merit(s)
恭敬,to respect
供養,to make offerings
廣大,extensive
光明,radiance
廣行,to practice widely
觀身,contemplate oneʼs physical body
觀他,to observe others
鬼神,spirit
過去,past
國土,land
國王,king
故作,therefore [one] makes [does]...
好惡,good things and bad things
號叫,raurava
好樂,delights in
河邊,riverside
何等,what is
黑白,evil karma and good karma
何況,how much more..
訶羅,(Skt. hara)
何如,like what?
何耶,Haya
何以,for what reason. . .?
何因,how
厚薄,thick and thin
後生,later birth
後世,subsequent age
後有,that which is later existent
華光,Padmaprabha
還復,to return
黃衣,yellow robes
歡喜,happiness
化作,to create with supernormal power
護持,to maintain
護法,Dharmapāla
悔過,repentance of transgressions
慧利,intelligent
慧命,life power as a metaphor for wisdom
慧人,wise person
惑亂,confused
或時,sometimes
或有,sometimes there are [there is]
或云,some say . . .
家常,ordinary
加害,to harm
見道,path of seeing
見得,attained through insight
見佛,to see the buddha
將死,will die
堅固,solid
建立,to establish
見網,net of views
薦席,seat
憍慢,pride
袈裟,kāṣāya
迦葉,Kāśyapa
疾病,sickness
集成,collected
嫉妬,jealousy
笈多,Gupta
結病,entangled sickness
劫盜,robber
皆得,all attain
結盡,to bring to an end
潔淨,pure
戒律,moral restraints and rules of discipline
接取,to receive
結使,affliction
解脫,liberation
集會,assembly
伎樂,music
驚怖,terror
敬奉,to honor
淨華,pure flowers
經律,scriptures and rules collections
精勤,to endeavor
精舍,temple
淨勝,superior purity
淨物,pure thing
淨心,pure mind
淨者,something pure
金器,golden vessel
金錢,coin
今身,present body
今生,this life
積善,to accumulate virtue
究暢,to state fully
久後,in the future
救濟,to rescue
積習,(long) ingrained habits
及與,and
眷屬,followers
具戒,full set of precepts
聚落,a village
開導,to guide
開發,to enlighten others
開示,to elucidate
開張,to open up
可悲,lamentable
可稱,measurable
可得,obtainable
可惡,disgusting
可觀,to be observed
可取,to be grasped
可言,can be called
可以,can
可治,treatable
空界,space
孔雀,the peacock
空中,the sky; space
快樂,joy
誑惑,deceit
曠野,wasteland
庫藏,treasure house
枯燥,dried up
癩病,scabies
來世,the future
來現,comes to appear
來至,drawing near
蘭若,araṇya
樂觀,to observe joyfully
兩肩,both shoulders
良善,good
離塵,to free [oneself] from pollution
臨欲,to approach
臨終,to come to the end of oneʼs life
流傳,to transmit
留難,the difficulty of good behavior being hindered by evil
流入,flow into
流通,to flow; to circulate
利行,altruistic acts
離言,inexpressible
利益,efficacy
龍神,dragon-spirit
龍王,dragon-king
漏失,loss
羅漢,luohan
羅睺,Rāhu
羅門,Brahman
羅閱,Rājagṛha
夢想,that which is seen in a dream
門戶,door
門中,in [this or that] aspect
妙法,wonderful dharma
蜜多,pāramitā
滅度,extinction [of mental activity]
滅法,extinction of phenomena
滅盡,cessation
彌勒,Maitreya
名聞,fame
明悟,to illuminate and understand
名曰,called
彌尼,(Skt. maineya)
彌沙,(Skt. *mahī-śāsaka)
摩訶,mahā
摩尼,maṇi
末田,Madhyântika
魔邪,evil tempter māra
魔行,Māra activities
目連,Maudgalyāyana
目前,before the eyes
木人,wooden figure
乃至,up to
那律,Aniruddha
那羅,naṭa
男女,man and woman
南山,Nanshan
難提,Nandi
難陀,Nanda
難修,difficult to practice
那婆,nava
能得,is able to
能感,able to respond
能取,knowing
能捨,indifference
能問,able to ask
能至,can reach
能治,an antidote
年中,within the year
鳥獸,the birds and the beasts
泥洹,(Skt. nirvāṇa)
女人,woman
偏袒,bare on one side
毘尼,(Skt. vinaya)
頻婆,(Skt. vimba)
貧窮,poor
婆達,the act of speaking
婆訶,vāha
破壞,break down
破戒,transgression
婆利,water
婆羅,(Skt. pāla)
破器,broken vessel
婆私,Vasiṣṭha
婆娑,(Skt. bhāṣa)
婆提,Bhadrika
婆耶,payas
普光,universal illumination
菩薩,bodhisattva
菩提,enlightenment
前生,previous lifetime
前世,previous life
千萬,myriad[s]
伽藍,*saṃghârāma
欺誑,deception
擎鉢,to raise oneʼs bowl
請食,to receive and invitation and eat
勤學,to apply oneself to study
勤勇,application of effort
七日,seven days
乞食,begging for food
求出,trying to escape
求佛,to seek Buddhahood
求人,to ask someone
求生,seeking [re-]birth
求索,to seek out
求學,pursue learning; to seek instruction
其一,one and only
其餘,the remaining...
其中,in this
驅逼,to attack
怯弱,to be intimidated
群臣,vassals
取能,subjective grasping
去世,to depart from this world
染色,dyed colors
饒益,to confer benefit
人見,view of existence of a person
人間,human being(s)
人民,common people
人名,personal name
人身,person
人說,someone says
人物,human possessions
人中,among human beings
人作,created (by a person)
熱鐵,hot iron
日夜,daily
如寶,like a jewel
如此,like this
汝等,you (plural) : you guys (Skt. mārsa)
入法,to enter into the Dharma
如佛,buddha-like
如見,having seen
如淨,Rujing
如來,thus-come
入滅,to enter into nirvana
若不,if not
若是,supposing; if
若無,if there is no...
如是,like this
汝說,you say...
如我,like myself
三百,three hundred
三寶,three treasures
三惡,three evil destinies
三昧,(Skt. samādhi)
三千,three thousand
掃地,sweep the ground
薩婆,sarva
僧家,saṃgha
僧祇,incalculable
僧伽,(Skt. saṃgha)
僧中,within the saṃgha
色味,to taste of sex
沙門,śramaṇa
沙彌,śrāmaṇera
善惡,good and evil
上道,the supreme path
善根,wholesome roots
上人,excellent personage
傷損,to harm
上天,to ascend to heaven
善果,good effects
上下,above and below
上座,head seat
善見,excellent vision
山林,mountains and forests
善友,reliable friend
山谷,mountain valley
善哉,excellent!
少時,oneʼs youth
攝護,protect
捨家,to abandon home
舍利,(Skt. śarīra)
舍那,śāna
生慚,ashamed
生得,innately endowed
生惡,to give rise to evil
勝負,winning and losing
勝進,advancing onto the next level
生滅,arising and ceasing
生起,coming into existence
生人,to give birth to a human
生善,produce goodness
生死,birth and death
聲聞,śrāvaka
生育,give birth to and to raise
生欲,desire for life
生長,emergent
攝念,gathering mindfulness
神力,supernormal powers
身命,body and life
身入,tactile field
神通,supernormal cognition
深樂,deeply aspire
舍衛,Śrāvastī
舍宅,a house
式叉,study
世道,worldly ways
是法,this teaching
十方,ten directions
是非,yes and no
時分,time division
是故,therefore
是何,what is it?
施護,Dānapāla
師利,Shili
是名,it is called...
十年,ten years
使人,a messenger
師僧,revered monk
世善,worldly goodness
時食,seasonable herbs
是所,these
事相,phenomenon
失心,scattered mind
始學,beginning student
師學,master and disciple
事業,action
是以,therefore
食者,someone who is eating
世執,attachments to worldly matters
是之,of this
室中,inside the abbotʼs room
世中,dwelling or situated between the worlds
施主,almsgiver
釋子,child of the Buddha
師子,lion
世尊,world-honored one
受得,admission
受法,receive the Dharma
受戒,to receive the precepts
受具,to receive the complete precepts
受取,to receive
受食,to receive (donations of) food
受時,when sensation is experienced
受施,accept an offering
授與,to offer
說法,exposition of the teachings (dharma)
說戒,explaining the precepts
數數,often
殊勝,extraordinary
樹下,under a tree
四百,four hundred
四兵,four kinds of troops
四大,four great elements
似法,apparent dharmas
死人,corpse
寺塔,temple
四天,heavens of the four directions
死亡,dead and gone
死者,the dead
誦經,to chant a sutra (together)
俗服,secular clothes
隨其,in which manner or way
隨時,at the appropriate time
隨事,according to circumstances
隨宜,to teach in direct response to the needs and abilities of the audience
隨有,any one of many
隨逐,to chase after
損害,to harm
所持,held
所得,acquisition
所動,moved (by)
所斷,that which is cut
所會,is combined
所結,to be bound
所可,what
娑羅,śāla
所棄,rejected
所生,that which is produced
所說,that which is explained
所許,approval
所須,necessity
所應,to act accordingly
所欲,desirable
所長,strong points
所知,the known
所作,that which is (to be) done
宿習,conditioning from a prior lifetime
宿有,heaped up
臺館,towers and mansions
曇摩,(Skt. dharma)
曇無,dharma
檀越,chief donor
闥婆,(Skt. gandharva)
田地,fields
天帝,Indra
天人,celestials and humans
天上,heavenly realm
天神,celestials
天王,king of heaven
鐵丸,iron ball
提婆,(Skt. deva)
提舍,deśanā
通達,to penetrate
通力,supernormal powers
通敏,penetrating intelligence
童子,a youth
頭首,the chief monks in a monastery
土木,earth and wood
陀羅,tārā
外道,non-Buddhist
王家,the kingʼs household
王位,kingship
往昔,antiquity
往至,to arrive
萬歲,ten thousand years
微薄,subtle and light
唯除,only except for...
威德,authoritative power
未來,future
微妙,subtle
威神,[authoritative] power
未通,has not perceived
威儀,deportment
唯有,there is only...
聞法,To hear the teachings
聞佛,To hear the Buddha
文殊,Mañjuśrī
聞說,as I have heard
問訊,to inquire
問言,to question : saying...
聞已,having heard
聞者,listener
我法,self and phenomena
我名,oneʼs own name
我受,attachment to self
我所,mine
我聞,I have heard...
我相,concept of self
我行,I
我言,I say...
我語,advocating a self
五百,five hundred
五部,five groups
無常,impermanent; impermanence
無法,non existent
無福,no luck
無復,never again
無垢,undefiled
物故,death
無淨,impure
無量,uncountable
無容,no room
無上,most
無傷,unimpaired; unvitiated
五升,five sheng
五十,fifty
無畏,fearlessness
無問,unasked
無厭,unwearying
無有,does not exist
無者,nihilist
無諍,without strife
無知,not knowing
五種,five kinds
下賤,humble
像教,teaching using images
相似,resemblance
庠序,deportment
現身,avatar
現世,this life
先亡,ancestors
先修,first cultivates
哮吼,roar
小心,shallow mind
下生,birth in this world (from a higher world)
邪見,mistaken view
血流,blood flow
邪師,false teacher
邪行,mistaken behavior
邪業,mistaken activity
繫縛,to bind up
行步,to walk
行道,to follow the path
性多,many kinds of temperaments
信根,faculty of faith
行法,methods of practice
形服,appearance and dress
行人,practitioner
行食,to serve meals to the monks
行樹,rows of trees
行檀,the act of giving
心懷,to harbor in oneʼs mind
信士,male devotee
信心,faith
新學,someone newly learning
信用,to respect
心願,mental resolve
胸臆,oneʼs inner mind
修羅,(Skt. asura)
休息,respite
息心,stopping thought
喜心,joy
宣令,to declare
虛空,space
巡行,to tour
牙齒,front teeth and back teeth
言說,verbal expression
要義,purpose
樂欲,to pursue oneʼs desires
夜叉,(Skt. yakṣa)
衣裳,clothing
依地,basis
亦復,also
依附,to attach to as a basis
以何,how? whence?
一卷,one scroll
依空,based on emptiness
異論,disputing position
已滅,ceased
應行,to be practiced or performed
應須,should be
應用,omnipresent response
一念,thought-moment
音樂,music
慇懃,zealous
飲食,drink and food
因緣,cause(s) and condition(s)
一千,a thousand
一切,all
一人,a person
以時,timely
一時,one time; at the same time
一團,one mass
依行,to practice relying on…
異學,non-Buddhist teachings
一以,by means of one
依正,circumstantial and direct [rewards]
依止,basis
蟻子,an ant
勇猛,vigor
優波,upa-
有常,eternal
有蟲,having worms
有慈,compassionate
有多,having many
有害,harmful
右肩,right shoulder
有利,profit
優劣,superior and inferior
有漏,contaminated
優婆,(Skt. upa)
有求,seeking existence
猶如,well. . . just like
有善,possessing goodness
有上,excelled
又生,again produced
有勝,special
有時,at one time
由依,resting upon
有一,single
有終,has an ending
願樂,to expect
緣生,produced by causal conditions
願聞,to wish to hear
願作,resolve to be or become
餘部,another group
愚癡,foolish
於此,in that place
云何,why is it
欲求,desire
與取,take that which is offered
魚肉,fish and meats
於少,bare necessity
欲捨,to want to get rid of
雨水,rain water
與藥,to apply medicine
與者,giving
在此,resides here
在家,layman
在世,in the world
澡浴,to bathe
增廣,growth
丈夫,a man
長老,venerable
長者,householder
著樂,attachment to bliss
朝食,breakfast
遮道,to obstruct the Way
正法,true dharma
正見,right view
諍論,debate
正念,accurate attention
證信,to actualize faith
正直,correct and straight
質多,citta
知法,to know the Dharma
智慧,wisdom
知見,informed view
置立,to establish
知人,know people as individuals
知識,consciousness
至心,to pay close attention
中智,middling wisdom
種種,to proliferate
轉生,transmigration
諸佛,the buddhas
諸國,many worlds
囑累,transmission
諸寺,various temples
諸天,all the heavens
諸物,all beings
諸行,conditioned phenomena
諸有,all existent things
竹園,bamboo forest
自害,self-harm
自活,self-sufficient
資給,to provide a loan
自見,self-view
諮受,to listen
子孫,descendants
總持,to hold to the good
縱橫,vertically and horizontally
宗親,clan relatives
走使,service
罪滅,sins are extinguished
尊教,humility toward the teachings
坐禪,sitting meditation
作法,rules of behavior
作福,good or meritorious action
作淨,to purify
作禮,to make obeisance
作如,an image
作事,deed
足下,beneath oneʼs feet
傳聞,it is reported that
飽食,gluttony
言者,those who speak
先王,dead king
傾國,overthrower of states
不朽,(to) Imperishable
以及,(to) involve somebody in
以成,in order to make
成名,(to) make a name
兵將,generals and soldiers
好不,very
少長,child and adult
獲免,(to) receive a pardon
與之,(to) offer it
用以,in order to
於斯,we have something here
互言,(to) complement each other
判決,(to) determine the quality of
只有,there is only
若非,if not
失本,(to) lose the roots
純正,upright
大寒,greater Cold
與其,rather than…
木葉,leaf
木皮,tree bark
體中,throughout the body
有故,turn of events
人食,eating people
不以,not using
以手,(to) use oneʼs hands
經年,one year
危篤,deathly ill
臘月,last month
自盡,(to) do oneʼs utmost
拯救,(to) rescue
不亦,is it not indeed
自負,conceit
多能,skilled in many things
信服,(to) trust
求我,(to) seek me
氣盡,exhausted
殺身,(to) sacrifice oneself
失據,(to) lose one's base of support
訓戒,(to) warn
肌肉,skin and flesh
以便,so that
文相,minister of Education
以善,by means of goodness
之人,this man
慳儉,close-fisted
急性,acute (illness)
好大,very large
淨福,pure happiness
悅之,pleased with it
大觀,broad overview
河海,yellow River 黃河 and the sea
呵叱,(to) scold with loud voice
嗜酒,fond of the bottle
純白,pure white
語云,as the saying goes
無諸,Wuzhu
有似,likeness
猶有,there is still
宗室,ancestral shrine
二子,two persons
川水,river water
海中,in the sea
不謂,never thought that
生故,livelihood
在於,(to) remain in
膝下,by the knees
大也,great
莫大,there is nothing greater than
舊德,good deeds previously done
附,to append
錄,record
與,to take part in
一,one
聞,To hear
前,front
佛,buddha
是,yes
隨,in accord with
散,to scatter
說,to explain
令,cause
諸,many
或,somebody
者,the one [who, which]
法,dharma
汝,you
能,able to
生,arising
問,a question
吾,I, myself
夫,man
有,there is
而,and
持,to verify
皆,all
僧,community of monks and nuns
如,thus
觀,to observe
斷,to eliminate (permanently)
其,therein
傳,to transmit
酒,alcohol
開,to disclose
門,door
于,at
於,at
於,at
行,to practice
作,to create
大,great
入,to enter
得,to obtain
集,gather
不,not
人,human being
非,no
閉,to close
忽,instantly
起,to arise
設,to set up
供,offer
社,gods of the land
請,to ask
復,again
覆,to veil
聽,To listen very well
食,to eat
飯,food
米,(Skt. śāli)
又,but
頻,urgent
富,rich
村,village
但,only
薄,light
粥,congee
多,many
家,house
飽,to be satisfied
語,to speak
在,to be
中,middling
此,this
彼,that
以,by means of
故,reason
應,should
我,self
尋,to investigate
等,and so forth
當,should be
付,to attach
捨,to abandon
捨,to abandon
舍,a shelter
私,myself
後,after
輸,to pay oneʼs dues
柯,axe handle
王,king
世,world
弘,broad
孫,grandchild
羅,a net
嗣,to connect
正,correct
顧,in reference to
事,affair, event
時,time
臣,minister
言,words
二,two
造,make
塔,stūpa
物,matter
也,and
若,if
便,directly
毀,to defame
四,four
名,names
雖,even if
曰,to say
建,establish
次,next
業,activity
御,to steer
攻,attack
鷄,rooster
雀,a sparrow
寺,Buddhist temple
石,stone
動,movement
地,earth
退,to retrogress
走,to run
城,a (walled) city
看,to look at
嗟,to polish
泣,to weep
盈,filled
路,road
益,increase
自,self
乍,quickly
死,to die
害,to harm
勤,to strive
呼,to call
攝,to contain
七,seven
尼,nun
壞,to deteriorate
房,monkʼs quarters
僉,all
願,to desire
勿,no
已,already
可,may
耳,ear
忿,anger
因,a cause
遂,to achieve
之,of
成,to accomplish
川,rivers
餘,leftover
所,an indicator of the object or the passive
聲,voice
悲,pity
哭,to weep
取,to obtain
囚,to catch
繫,to be tied
加,to add
鞭,a whip
罰,punishment
登,to climb
隱,hidden
險,misfortune
軍,an army
甲,armor
至,to reach to
恐,fearful
洗,to wash
賞,to reward, award
慕,to yearn for
首,head
償,to repay
君,noble
徒,a follower
鉢,alms bowl
歎,admiration
及,to reach
捉,to grasp
頭,head
受,sensation
金,gold
竭,to exhaust
定,to establish
燒,burn
經,scripture
臺,tower
火,fire
始,beginning
就,then, thereupon
然,in this way
炎,blazing
接,to join
上,above
神,psychic power
先,front
索,rope
女,woman
今,now
誓,an oath
使,affliction, proclivities
伏,to subdue
蟲,bugs
喜,delight
手,hand
捧,offer
壓,to press
性,nature
甚,extreme
下,lesser
求,to seek
從,to follow
共,in common with
丘,mound
滋,more and more
繁,many
還,to return
總,overall
諮,to consult
分,branch
立,to establish
來,to come
難,difficult
好,good
亟,to be in a hurry; urgently
抄,to extract and annotate from a text
治,to govern
律,rule
外,outside
採,to select
綜,to arrange
遺,to leave behind
誑,to deceive
別,to distinguish
群,a group
黨,friends
籌,small stake or stick
樂,(1) music (2) comfort (3) to be indulged in
舊,old
黑,black
新,new
白,white
乃,then
萬,ten thousand
數,to count
百,hundred
處,locus
學,study
少,few
座,seat
他,other
俾,to cause
部,a part
三,three
諍,quarrel
迦,ka
目,eye
揵,to lift up
屈,to bend
蘇,to be reborn
修,repeated practice
蘭,epidendrum
那,transliteration of Indic na sound
提,carry in the hand
盧,a rice-vessel
蠟,wax
帝,ruler
唯,only
各,each
服,to wear
色,form
宣,tell
講,to lecture
義,object
著,attachment / making known
理,principle
味,flavor
表,face
發,arise
博,encyclopedic
達,to penetrate
導,to guide
衣,clothes
木,wood
微,subtle
幽,obscure
密,secret
旬,ten day period
執,to grasp
慳,stinginess
見,to see
急,haste
戶,door
云,to say
雲,cloud
窮,the limit
弊,inferior
純,pure
帛,white silk
踰,to pass over
既,already
被,to incur
添,to attach
棄,to throw away
水,water
去,to leave
露,dew
進,to progress
消,to extinguish
疾,sickness / quickness
寒,cold
身,body
值,to meet
天,heaven
盡,to exhaust
俗,secular
置,to place
裏,back
裏,back
里,village
常,permanent
布,to spread
擎,to lift up
日,day
淨,clear
板,board
罵,to scold
染,defiled
用,to use
葉,leaf
肉,flesh
膠,to resist
漆,varnish
塵,object
本,root
濕,dampness
熱,heat
更,still more
流,to flow; a current
土,earth
眼,eye
視,to look (at)
知,to know
況,still more
寶,jewel
施,charity
猶,similar to
體,body
貯,to stock up
則,then
判,to divide
葶,a medicinal herb
藶,Draba nemerosa
子,child
須,to wait
何,what
藥,medicines
覓,to search for
違,contrary
寧,to stop
犯,to commit crimes
師,teacher
病,to get sick
許,to grant
乞,to pray for
差,to send
懷,yearning
慚,conscience
謂,to say
失,to be lost
積,to accumulate
殺,to kill
麗,elegant
術,technique
逼,to annoy
投,throw
乎,what? how?
方,to make even
告,to address
善,good
熟,to ripen
滅,to cease
惡,unwholesome
快,pleasure
浴,to bathe
浣,to wash
垢,impurity
念,mindfulness, memory
除,except for
亦,also
似,to seem
斯,this
誠,sincere
要,important
障,obstacle
遇,to meet
戴,to wear (on the head)
音,sound
終,final
將,will
決,to decide
負,negative
報,retribution
契,agree
恥,to be ashamed
心,heart, mind
齊,to adjust
平,level
現,to manifest
相,characteristic
田,field
拂,to expel
床,(raised) bed
卷,roll
周,to go around
泥,mud
華,flower
灑,to sprinkle
移,to move
異,to differ
同,the same
耶,transliteration of the jha or ya sound into Chinese
車,car
輿,palanquin
賢,intelligent
勝,superior
諂,guile
瞋,aversion
光,light
功,efficacy
蓮,lotus
嚴,to adorn
奏,proclaims
志,resolution
誌,to remember
強,strong
逐,chase
幻,an illusion
邪,mistaken
福,merit
傍,second meaning
昔,ancient
勸,to exhort
未,not yet
由,through
亂,confused
道,way
悅,to be pleased
細,subtle
睒,to glance at
鑠,to melt
力,strength
無,nonexistent
依,support
永,forever
淪,ripples
讀,read
矯,to straighten
科,gist
出,to emerge
敬,to respect,
仰,to look up
某,certain..(person or thing)
年,lunar year
月,moon
逆,to disobey
防,to protect
救,to save
興,to raise
深,profound
思,to think
末,branch
錢,coin
吞,to swallow
銅,copper
歲,solar year
鬼,demon
迷,perplexity
謗,to slander
示,to show to someone else
巫,sorceress
端,starting point
極,very
敢,to dare
易,to change
免,to avoid
千,thousand
空,emptiness
滿,full
潔,clear, pure
般,a sort
住,to abide
感,feeling
緻,fine
致,to cause
專,single
到,to reach to
累,fetters
向,to tend toward
像,an image
度,to cross over (to the shore of liberation)
邑,village
悔,remorse
罪,sin
妨,to hinder
謹,to be prudent
奉,to receive with both hands
惻,to extend
夕,evening
雨,rain
巾,napkin
箒,to sweep
刀,sword
斧,axe
錐,awl
墮,to fall
具,to be endowed with
割,to cut
嚫,dakṣiṇā
緣,condition
辦,to transact
限,to limit
備,(be) provided with
厚,thick
典,canon
盜,to steal
意,mentation
良,good
友,friend
窟,a cave
宅,abode
輒,therefore
癩,leprosy
爾,so
凡,all
撮,pick, pinch
片,piece
鹽,salt
酢,vinegar
燋,cook, burn
腸,intestines
猪,hog
豬,boar
狗,dog
鳥,a bird
怪,strange
都,all
圊,toilet
內,within
輕,light (not heavy)
奪,to snatch
釋,to explain
特,special
勒,bridle
久,long time
根,faculties
攜,to take by the hand
率,to follow
毘,transcription of Sanskrit vi sound
茶,tea
婆,an old lady
覺,enlightenment
攬,to seize
奔,to run
種,seed
利,profit
恩,compassion
誰,who?
最,most
孝,filial piety
莫,no
長,long
財,money
養,nourish
智,to know
追,to chase
